text,label
You are stupid ,1
I hate you,1
You are useless,1
Nobody likes you,1
You are an idiot,1
Get lost,1
You are a loser,1
Shut up,1
You are so dumb,1
I can't stand you,1
You are pathetic,1
Everyone hates you,1
You are worthless,1
Go away nobody wants you,1
You are the worst person ever,1
You are a failure,1
Stop talking,1
You are annoying,1
Nobody cares about you,1
You make everything worse,1
You are a joke,1
You are embarrassing,1
You are hopeless,1
You always mess things up,1
You are terrible at everything,1
Nobody asked for your opinion,1
You should stay quiet,1
You are not smart at all,1
You are a burden,1
People laugh at you,1
You never do anything right,1
You are weak,1
You are ugly,1
Everyone avoids you,1
You are not good enough,1
Nobody wants to be your friend,1
You are useless to this team,1
You ruin everything,1
You are so irritating,1
You should give up,1
Nobody respects you,1
You are a waste of time,1
You are embarrassing yourself,1
You are so slow,1
You are clueless,1
You don't belong here,1
You are a mistake,1
You are completely incompetent,1
You are always wrong,1
You make no sense,1
Nobody trusts you,1
You are a disaster,1
You are impossible to deal with,1
You are ridiculous,1
You are the dumbest person here,1
You are so fake,1
You are selfish,1
You are arrogant and useless,1
Everyone is tired of you,1
You are nothing special,1
You contribute nothing,1
You are not wanted here,1
You are a coward,1
You are lazy and useless,1
You have no talent,1
Nobody takes you seriously,1
You are a joke to everyone,1
You are completely hopeless,1
You always fail,1
You make everyone uncomfortable,1
You are a bad influence,1
You should disappear,1
You are a nuisance,1
Nobody values your opinion,1
You never learn anything,1
You are so immature,1
You are not worth listening to,1
You are a disappointment,1
You are embarrassing your family,1
You have no future,1
You are so boring,1
Nobody likes being around you,1
You are hard to tolerate,1
You are the problem,1
You always ruin the mood,1
You are a waste of space,1
You are completely useless here,1
You make everyone angry,1
You are not welcome here,1
You are an embarrassment,1
You should quit trying,1
You never succeed,1
You are not capable of anything,1
Nobody believes in you,1
You are a lost cause,1
You don't deserve success,1
You are a terrible friend,1
You make bad decisions,1
You are always causing trouble,1
You are difficult to like,1
You are extremely annoying,1
You have no common sense,1
You are bad at everything,1
Nobody listens to you,1
You are always complaining,1
You are a toxic person,1
You are so irritating to everyone,1
You never help anyone,1
You are unreliable,1
You are a terrible teammate,1
You are impossible to trust,1
You are the weakest link,1
You are not useful at all,1
You make every situation worse,1
You are not intelligent,1
You have no skills,1
You are always embarrassing yourself,1
You are incredibly annoying,1
Nobody enjoys your company,1
You are a bad example,1
You always make mistakes,1
You are a failure in life,1
You are not worth the effort,1
You are too dumb to understand,1
You are always behind everyone else,1
You have nothing valuable to say,1
You are not important,1
You are completely forgettable,1
You are not good at anything,1
You make people uncomfortable,1
You are not respected,1
You always ruin good things,1
You are a problem for everyone,1
You are impossible to work with,1
You are a constant disappointment,1
You are not wanted on this team,1
You don't fit in anywhere,1
You are a terrible person,1
You always let people down,1
You are not trustworthy,1
You are unbelievably annoying,1
You are a complete waste,1
You should stop trying altogether,1
Nobody is impressed by you,1
You are the worst teammate ever,1
You never think before speaking,1
You are bad company,1
You are impossible to respect,1
You are always making things harder,1
You have no value here,1
You are a complete joke,1
You are not useful to anyone,1
You are a huge disappointment,1
You always get everything wrong,1
You are too weak to succeed,1
You are the least talented person here,1
You are not worth anyone's time,1
Nobody expects anything from you,1
You are so incompetent,1
You are completely irrelevant,1
You are the reason things fail,1
You are not needed here,1
You always bring everyone down,1
You are not capable of success,1
You have no real talent,1
You are terrible at your job,1
Nobody can rely on you,1
You are always in the way,1
You make simple things difficult,1
You are the worst in the group,1
You never contribute anything useful,1
You are impossible to support,1
You are not worth helping,1
You are a bad person,1
You are always disappointing others,1
You are too lazy to succeed,1
You don't deserve any credit,1
You are a complete failure,1
Nobody wants your help,1
You are always ruining opportunities,1
You are not talented enough,1
You are constantly making mistakes,1
You are a burden to everyone,1
You have no chance of success,1
You are hopelessly bad at this,1
You are not capable of learning,1
You are the most annoying person here,1
You are impossible to like,1
You always make things worse for everyone,1
You are not welcome in this group,1
You are completely useless,1
You are the biggest disappointment here,1
You are not good enough for this,1
You have nothing to offer,1
You are a waste of everyone's time,1
Have a nice day,0
Good job,0
Congratulations,0
Keep up the good work,0
You are amazing,0
Thank you for your help,0
I appreciate your effort,0
Well done,0
You are very talented,0
Best wishes to you,0
I hope you have a great day,0
That's a wonderful idea,0
You did an excellent job,0
Happy birthday,0
Good luck for your future,0
Keep smiling,0
You inspire me,0
You are kind,0
Stay positive,0
You are doing great,0
I believe in you,0
You have a bright future,0
Keep working hard,0
You are improving every day,0
I am proud of you,0
Your work is impressive,0
You are a great friend,0
You make people happy,0
You are very creative,0
Thank you for being helpful,0
You handled that well,0
I enjoy working with you,0
You have a positive attitude,0
Your efforts are appreciated,0
You are a wonderful person,0
You bring good energy,0
You are very thoughtful,0
I admire your dedication,0
You are making progress,0
You are reliable,0
You are very supportive,0
You always try your best,0
You are an excellent teammate,0
You have a great personality,0
Your ideas are valuable,0
You are very hardworking,0
Thank you for your kindness,0
You are doing an excellent job,0
You are an inspiration,0
You have a lot of potential,0
You are very intelligent,0
I appreciate your honesty,0
You are a good leader,0
You make a difference,0
You are very respectful,0
Your contribution matters,0
You are easy to work with,0
You are always helpful,0
You are a great listener,0
You have a kind heart,0
You make the team stronger,0
Your support means a lot,0
You are dependable,0
You are full of good ideas,0
You are making a positive impact,0
I trust your judgment,0
You communicate very well,0
You have a great sense of humor,0
You are thoughtful and caring,0
You always stay calm,0
You are a fast learner,0
You are very responsible,0
You always give your best,0
You are a valuable team member,0
You have strong skills,0
You make people feel welcome,0
You have a great work ethic,0
You are very encouraging,0
Your attitude is inspiring,0
You are a positive influence,0
You deserve success,0
You are doing fantastic work,0
You always stay motivated,0
You are very patient,0
You have excellent communication skills,0
You are appreciated by everyone,0
You make learning enjoyable,0
You are a great example,0
You are very understanding,0
You are always respectful,0
You bring out the best in people,0
You have a bright smile,0
You are genuinely helpful,0
You are easy to talk to,0
You are very trustworthy,0
You are an important part of the team,0
You make good decisions,0
You are always willing to help,0
You have a wonderful attitude,0
You encourage others,0
You are very dedicated,0
You are making great progress,0
You are capable of amazing things,0
You are a wonderful teammate,0
You have strong leadership skills,0
You are very focused,0
You are highly motivated,0
You are a caring person,0
You have excellent ideas,0
You make others feel valued,0
You are respectful to everyone,0
You always look for solutions,0
You are very cooperative,0
You are a pleasure to work with,0
You are making a real difference,0
You always stay professional,0
You are committed to success,0
You are a good role model,0
You have a positive mindset,0
You are a hardworking student,0
You have strong determination,0
You are very enthusiastic,0
You are always learning,0
You have a lot to offer,0
You are highly appreciated,0
You are a wonderful colleague,0
You make challenges easier,0
You are very dependable,0
You are always considerate,0
You are a great problem solver,0
You handle pressure well,0
You have excellent potential,0
You always think carefully,0
You are making steady progress,0
You are very resourceful,0
You are always prepared,0
You are respected by others,0
You are an excellent communicator,0
You have a great future ahead,0
You are a thoughtful person,0
You are very organized,0
You are always optimistic,0
You are full of talent,0
You have a strong work ethic,0
You are very disciplined,0
You are making your family proud,0
You are doing better every day,0
You are a great contributor,0
You are very friendly,0
You are always encouraging others,0
You have a positive outlook,0
You are an important contributor,0
You always show respect,0
You are a reliable friend,0
You are always courteous,0
You have a calm personality,0
You are an excellent student,0
You are very determined,0
You are capable of success,0
You make good use of your time,0
You are very ambitious,0
You are always supportive,0
You are appreciated for your efforts,0
You have a bright personality,0
You are always ready to learn,0
You are doing remarkable work,0
You are an asset to the team,0
You make everyone feel included,0
You are a thoughtful teammate,0
You are very dependable and kind,0
You always look on the bright side,0
You are a strong contributor,0
You are respected for your integrity,0
You are full of potential,0
You are doing outstanding work,0
You are a great collaborator,0
You are very talented and hardworking,0
You are a wonderful friend,0
You are a source of inspiration,0
You are always improving,0
You are highly respected,0
You are a positive role model,0
You are making excellent progress,0
You are capable and confident,0
You have a great attitude,0
You are a joy to work with,0
You are always thoughtful,0
You have a lot of strengths,0
You are making a positive contribution,0
You are a valuable person,0
You have achieved a lot,0
You are doing an amazing job,0
You deserve recognition for your work,0
You are a great human being,0
